drink_name,drink_price,restaurant_address,restaurant_name,restaurant_tel,restaurant_url
"黒ラベル,アサヒスーパードライ（中瓶）/キリン一番搾り（中瓶）/赤星（中瓶）,オールフリー（瓶）,シャンディーガフ/レッドアイ,ハイボール（デュワーズ）/ハイボール（角）,ジンジャーハイ/コークハイ/トマトハイボール/ハッスルハイボール,プレーン,瀬戸内産レモンサワー/青森県産つがる林檎サワー,沖縄県産シークァーサーサワー/男梅サワー,ハッスルサワー/カルピスサワー,いちごサワー,神山生絞りすだちサワー/ピンクグレープフルーツサワー,沖縄県石垣島産パインサワー/ドラゴンフルーツ,シャインマスカット,スイカサワー,[青森県] 陸奥八仙　純米吟醸　黒ラベル (グラス),[秋田県] 山本　純米吟醸　ピュアブラック  (グラス),[秋田県] 一白水成　純米吟醸　美山錦  (グラス),[山形県] 上喜元　純米吟醸　超辛  (グラス),[山形県] 楯野川　純米大吟醸　本流辛口  (グラス),[宮城県] 伯楽星　純米大吟醸  (グラス),[宮城県] 戦勝政宗　純米吟醸　プラチナ  (グラス),[宮城県] 墨廼江　特別純米  (グラス),[福島県] 冩楽　純米吟醸  (グラス),[福島県] 飛露喜　特別純米　生詰  (グラス),[栃木県] 鳳凰美田　純米大吟醸　五割磨き  (グラス),[茨城県] 来福　純米吟醸　超辛口  (グラス),[群馬県] 浅間山　まっしろ　純米　にごり　火入れ  (グラス),[新潟県] 八海山　純米大吟醸  (グラス),[長野県] 明鏡止水　純米吟醸  (グラス),[福井県] 黒龍　大吟醸  (グラス),[福井県] 九頭龍　大吟醸  (グラス),[静岡県] 磯自慢　特別本醸造・特選  (グラス),[愛知県] 醸し人九平次　純米大吟醸　山田  (グラス),[兵庫県] 仙介　特別純米  (グラス),[京都府] 澤屋まつもと　守破離　純大　山田錦  (グラス),[三重県] 作　純米吟醸　雅乃智  (グラス),[奈良県] みむろ杉　純米大吟醸　山田錦  (グラス),[奈良県] 篠峯　辛々　純米吟醸　雄町  (グラス),[和歌山県] 紀土　KID　純米大吟醸　ピンクラベル  (グラス),[広島県] 宝剣　純米吟醸  (グラス),[広島県] 雨後の月　超特選　大吟醸　月光  (グラス),[広島県] 富久長　海風土　シーフード　白麹純米酒  (グラス),[山口県] 東洋美人　純米吟醸　５０  (グラス),[山口県] 雁木　ノ弍　純米吟醸　無濾過　生原酒  (グラス),[山口県] 獺祭　純米大吟醸　磨き３９  (グラス),[山口県] 獺祭　純米大吟醸　磨き４５  (グラス),[高知県] 美丈夫　純米吟醸　純麗　たまラベル  (グラス),[大分県] ちえびじん　純米  (グラス),[福岡県] 庭のうぐいす　特別純米　鶯ラベル  (グラス),[福岡県] 三井の寿　純米吟醸　+１４　大辛口  (グラス),特選松竹梅　豪快　純米,獺祭　純米大吟醸　発泡にごり４５ [360ml],獺祭　純米大吟醸　発泡にごり４５ [720ml],美丈夫　しゅわっ!!　発泡吟醸 [500ml],[大分県] 二階堂 ,[宮崎県] 中々 ,[大分県] 兼八 ,[宮崎県] 黒霧島 ,[鹿児島県] 三岳 ,[鹿児島県] 赤兎馬 ,庭の鶯　特選梅酒　鶯とろ,紀州のブルーベリー梅酒,子宝　ラ・フランス,鳳凰美田　完熟もも,鳳凰美田　みかん,カシスオレンジ/カシスソーダ,ファジーネーブル/ピーチウーロン,バカルディ　モヒート,赤玉パンチ,アリーチェ　サレントIGP　ヴェルデカ（白）,ブルゴーニュ・アリゴテ　レ・ポテ（白）,シャブリ　プルミエ　クリュ　ヴォクパン（白）,オルトネーゼ　サンジョベーゼ　メルロ　プーリアIGT（赤）,ブリス　カベルネ　ソーヴィニヨン（赤）,バローロ　DOCG、サルティラーノ　フィリ（赤）,ピガル　ブルット,ヴーヴクリコ　イエローラベル,モエ・エ・シャンドン　ロゼ,ドンペリニヨン　白,烏龍茶/緑茶,コーラ/ジンジャーエール/カルピス/オレンジジュース/アップルジュース,烏龍茶/緑茶/コーラ/ジンジャーエール/カルピス/オレンジジュース/アップルジュース","550,660,550,462,418,462,352,418,418,418,880,660,770,1100,770,605,550,495,495,550,825,550,440,605,495,550,550,440,715,550,825,825,550,715,550,660,660,715,550,550,550,825,550,440,605,825,550,495,440,495,550,要確認,3300,5500,2750,418,462,550,418,462,550,550,550,550,550,550,418,418,418,418,660,880,1320,550,770,1210,660,13200,13200,44000,330,418,無料",大阪府大阪市北区堂山町4-12 白馬車ビル３F,海鮮酒場　うおぷく　梅田店,050-5861-6095,https://www.hotpepper.jp/strJ001292956/
"ステッカーを提示で★マークは100円引き！飲み放題の場合は30分延長！,ザ・モルツ <生小>,ザ・モルツ <生中>,アサヒスーパードライ <中瓶>,赤星 <中瓶>,オールフリー <小瓶>,シャンディガフ,ジムビームハイボール,角ハイボール,ジンジャーハイボール,コークハイボール,刺激ハイボール,[1杯目] 300ccタンブラー [2杯目] 400ccジョッキ [3杯目以降] 500ccジョッキ,健康サワー (青汁),とりあえずレモンサワー (こだわりレモン),甘い酸っぱいサワー (瀬戸内産レモン),懐かしのサワー (ミックスジュース),意外と美味しいプレーンサワー,青森サワー (林檎),島んちぬサワー (シークワーサー),男気サワー (男梅),海鮮に合うサワー (紅生姜),カラダにピースサワー (カルピス),可愛いサワー (柚子蜂蜜),おしゃれサワー (ライム),美人サワー (白桃),イケメンサワー (巨峰),初恋サワー (いちご),メルヘンサワー (メロン),南国サワー (マンゴー),エナジーサワー (デカビタC),コーラフロート酎ハイ,キャロット酎ハイ,メロンフロート酎ハイ,風呂上がり酎ハイ (ラムネ),アイスの実サワー　各種,玉露入り緑茶っぱハイ,ジャスミン茶っぱハイ,ほうじ茶っぱハイ,紅茶っぱハイ,コーン茶っぱハイ,烏龍茶っぱハイ,おいハイ,二階堂 <大分県>,黒霧島 <宮崎県>,赤兎馬 <鹿児島県>,中々 <宮崎県>,JJ (ジャスミン焼酎×ジャスミン茶),JR (ジャスミン焼酎×緑茶),庭の鶯 特選梅酒 鶯とろ,紀州のブルーベリー梅酒,鳳凰美田 完熟もも,鳳凰美田 みかん,翠ジンソーダ,カシスオレンジ,カシスウーロン,カシスソーダ,赤玉パンチ,ファジーネーブル,レゲエパンチ,ピーチフィズ,BIGソフトドリンク　各種,レトロソフトドリンク　各種","-,429,539,605,605,550,539,429,495,495,495,495,-,429,429,429,429,429,429,429,429,429,429,429,429,429,429,429,429,429,429,495,495,495,495,550,539,539,539,539,539,539,220,495,495,605,605,495,495,550,550,550,550,462,462,462,462,462,462,462,462,385,440",大阪府大阪市北区曽根崎２-１３-１７,炉端とホルモンと串焼きとおでん とっとっと　梅田お初天神店,050-5499-0865,https://www.hotpepper.jp/strJ003365791/
"ザ・モルツ,マッコリビール、シャンディガフ、ディーゼル、ダブルカルチャード,ハイボール,ジンジャーハイボール、コークハイボール,レモンハイボール、巨峰ハイボール、ライムハイボール、カルピスハイボール、ライチハイボール,マスカット、すもも、グレープフルーツ、ストロベリー,桃、ざくろ、ブルーベリー、マンゴー、ゆず,マスカット、すもも、グレープフルーツ、ストロベリー,桃、ざくろ、ブルーベリー、マンゴー、ゆず,ザクロ×ミックスベリー、パイン×パイン、マスカット×ぶどう、オレンジ×オレンジ、マンゴー×マンゴー,オレンジ,マンゴー,ソウルマッコリ,巨峰マッコリ、ライチマッコリ、カルピスマッコリ、カシスマッコリ、ピーチマッコリ,カシスオレンジ、カシスソーダ、カシスウーロン、カシスコーラ,ピーチフィズ、ファジーネーブル、レゲエパンチ,ライチオレンジ、ライチソーダ、ライチウーロン、ライチコーラ,レモンサワー、ライムサワー、巨峰サワー、カルピスサワー、ライチサワー,プラムコーラ、プラムオレンジ、プラムバック,二階堂,黒霧島,ウーロン茶、コーラ、ジンジャーエール、オレンジジュース、カルピス、カルピスソーダ,チルソンソーダ、白ブドウボンボン、梨ボンボン、桃ボンボン,美酢ソーダ（ザクロ、パイン、マスカット、オレンジ、マンゴー）","550,550,462,462,462,1078,1078,528,528,583,638,638,528,528,462,462,462,462,462,462,462,385,385,385",大阪府大阪市北区曽根崎２-10-15 曽根崎センタービル4F,韓国屋台酒場　韓ラブ -LOVE-　梅田店,050-5499-6264,https://www.hotpepper.jp/strJ003411787/
"生ビール,シャンディガフ／マッコリビア,プレーンハイボール,コークハイ／ジンジャーハイ,美酢（ミチョ）,カラマンシーハイ,ジョウンディ,チャスミル,マッコリ　プレーン　グラス,桃マッコリ　グラス,バナナマッコリ　グラス,マスカットマッコリ　グラス,プレーン/レモン/キウイ/ベリー/グレープフルーツ/オレンジ/いちご/マンゴー,美酢サワー,レモン/キウイ/ミックスベリー/グレープフルーツ/りんご/オレンジ/マンゴー,追いサワー,カシスソーダ,カシスオレンジ,カシスミルク,ピーチフィズ,ファジーネーブル,ピーチミルク,ウーロン茶/オレンジジュース/コカ・コーラ/ジンジャーエール,美酢ソーダ,ヘテ梨ジュース,ヘテすりおろし桃ジュース,ヘテポンポンぶどうジュース,セクセクオレンジ,チルソンサイダー,ミルキス,チーズミルクティー,チーズいちごミルク,チーズ抹茶ミルク,マカフラッペミルクティー,マカフラッペいちごミルク,マカフラッペ抹茶ミルク,ダルゴナコーヒー,ダルゴナいちごミルク,ダルゴナ抹茶ミルク","528,495,495,528,528,528,858,858,440,495,495,495,418,528,528,418,495,495,495,495,495,495,352,407,418,418,418,418,418,418,858,858,858,924,924,924,715,715,715",大阪府大阪市北区堂山町６－３,チーズ×チキン　ペゴパヨ　梅田東通り店,050-5453-4570,https://www.hotpepper.jp/strJ001261077/
"生ビール,レッドアイ,シャンディガフ,ディーゼル,ジントニック,ジンバック,ジンフィズ,ギムレット,ラムコーク,ラムジンジャー,ラムバック,モスコミュール,スクリュードライバー,ブルドッグ,ウォッカトニック,カミカゼ,セックスオンザビーチ,メキシコーク,テキーラサンライズ,ショットガン,コークハイ,ロングアイランドアイスティー,カシス,カルーア,カンパリ,ヨギー,マリブ,フランポワーズ,ピーチ,ボルス メロン,パライソ,コアントロー,パッソア,白ワイン,赤ワイン,オペレーター,カーディナル,キール,キティ,ハイボール,ジンジャーハイボール,キジムナー,島サンライズ,芋焼酎,麦焼酎,日本酒,梅酒,ウーロン茶,コーラ,ジンジャエール,オレンジジュース,パインジュース,グレープフルーツ,カルピス","550,550,550,550,550,550,550,550,550,550,550,550,550,550,550,660,770,550,550,550,550,880,550,550,550,550,550,550,550,550,550,550,550,550,550,550,550,550,550,550,550,550,550,550,550,550,550,550,550,550,550,550,550,550",大阪府大阪市北区曽根崎１-7-13 レイソル曽根崎ビル 5階,貸切＆完全個室　肉バル×食べ飲み放題　イタリアンDining　face　大阪　東梅田店,050-5281-5590,https://www.hotpepper.jp/strJ001135024/
"サングリア（赤）,サングリア（白）,キティサングリア（赤サングリア+ジンジャーエール）,スプリッツァサングリア（白サングリア+ソーダ）,カステル・ロック・カヴァ／セントノーレ (G),バッカネラ／ロダレ　ルージュ／バロンキンズモア カベルネソーヴィニヨン／アバダルレセルバ3.9（G）,ソプラノ／ロダレ　ブラン／バロンキンズモア　リセルヴァソーヴィニインブラン／アバダルピかポル (G),カシスオレンジ／ファジーネーブル／キティetc.,アサヒ スーパードライ／シャンディガフ／フルーツビア3種,アサヒ　ドライゼロ（ノンアルコールビール）,紀土-KID- 純米酒 （和歌山）／八海山（新潟）／播州一献（兵庫）,もぎたて梅酒／柚子梅酒／鶴梅　完熟にごり梅酒,【 麦 】/中々/兼八など,【 芋 】金黒／富乃宝山,ウーロン茶/コカ・コーラ/ジンジャーエール/オレンジジュース/グレープフルーツジュース,コーヒー／紅茶","770,770,770,770,770～,770～,770～,715～,770,715,715～,660～,715～,715～,550～,550～",大阪府大阪市北区角田町8-47 阪急グランドビル32番街28F,日本料理＆SKY BAR　ちょうつがひ,06-6131-2242,https://www.hotpepper.jp/strJ001000918/
"【日本酒】国稀　純米,【焼酎】インカの目覚め,クラフトラム　マンゴー,アサヒスーパードライ,ドライゼロ,レモンサワー,ライムサワー,生搾りレモンサワー,生搾りライムサワー,緑茶ハイ,ウーロンハイ,紅茶ハイ,カルピスサワー,白桃サワー,パインサワー,マンゴーサワー,ストロベリーサワー,パッションフルーツサワー,日本酒,月桂冠　生酒,京山水　特別純米,福岡　博多の森　純米,熊本　美少年　純米,黒霧島(芋),一番札（麦）,れんと(黒糖),金黒（芋）,金黒タンサン,ハイボール,コークハイボール,ジンジャーハイボール,エナジーハイボール,グラスワイン（赤）,グラスワイン（白）,カシスオレンジ,カルーアミルク,ジントニック,ジンバック,ジンコーク,ファジーネーブル,ピーチフィズ,オレンジブロッサム,ピーチウーロン,カシスウーロン,カシスソーダ,すっきり梅酒,紀州南高梅酒,コーラ,ジンジャーエール,オレンジジュース,カルピスソーダ,カルピスウォーター,エナジードリンク,ウーロン茶,緑茶","900,530,600,580,550,450,450,550,550,450,450,450,450,450,450,450,450,450,550,850,800,800,800,530,530,530,530,530,450,480,480,480,530,530,530,530,530,530,530,530,530,530,530,530,530,450,550,350,350,350,350,350,350,350,350",大阪府大阪市北区曽根崎２－１５－２０　SWINGうめだ６階,個室海鮮居酒屋　石狩漁場　梅田お初天神店,050-5828-9372,https://www.hotpepper.jp/strJ001001571/
"5 SENSES 3 BEAUTIES 五感で感じる三大美女カクテル 858円～,BIRTHTONE COCKTAIL 12種類の誕生石カクテル 各,BIRTH FLOWER 12種類の誕生花ノンアルコールカクテル 各,INFUSED COCKTAIL インフューズドカクテル 858円～,スペインより直送のCAVA カステルロック グラス,しあわせの青い泡 ラ・ヴェーグ・ブルー グラス,スパークリングワイン グラス858円～,赤ワイン グラス748円～,白ワイン グラス748円～,生ビール＆ビールカクテル 各,シャルドネハイボール,ハイボール＆ウィスキー 638円～,スタンダードカクテル 各,ワインカクテル 各,ソフトドリンク 各,ハーブティー 各,カフェ 605円～","858円,858円,858円,858円,858円,968円,858円,748円,748円,748円,各748円,628円,748円,814円,583円,605円,605円",大阪府大阪市北区角田町8-1大阪梅田ツインタワーズ・ノース15階,sky dining & bar　BLUE BIRD　ブルーバード 大阪梅田ツインタワーズ・ノース店,050-5828-7031,https://www.hotpepper.jp/strJ000951865/
"≪芋≫　金黒　,≪芋≫　黒霧島／海　各種,≪芋≫　一刻者,≪芋≫　三岳,≪芋≫　富乃宝山,≪麦≫　一番札,≪麦≫　閻魔,≪黒糖≫　れんと,≪米≫　白岳　しろ,≪泡盛≫　残波　ブラック,≪芋≫　金黒,≪芋≫　黒霧島,≪麦≫　一番札,≪黒糖≫　れんと,≪泡盛≫　残波　ブラック,氷,ウーロン茶／アイスグリーンティー／ソーダ　各種,グレープフルーツジュース,梅干し (1ヶ)／カットレモン (4ヶ)　各種,生ビール　アサヒスーパードライ　【ピルスナー】,生ビール　アサヒスーパードライ　【ジョッキ（400ml）】,瓶ビール　スーパードライ　【小瓶】,瓶ビール　キリン 一番搾り　【小瓶】,瓶ビール　サッポロ　エビス　【小瓶】,シャンディガフ,ノンアルコールビール　【小瓶】,ウーロンハイ／赤玉パンチ／カルピスサワー　各種,緑茶ハイ／紅茶ハイ　各種,柚子みつサワー／鹿児島県徳之島産 島みかんサワー／国産シャインマスカットサワー　各種,小柳津清一商店の玄米抹茶ハイ／梅干サワー／生グレープフルーツサワー／生キウイサワー　各種,≪レモンサワー≫,≪おかわりサワー≫,ジントニック／ジンバック/モスコミュール/ウォッカトニック/ウォッカコーラ　各種,≪カシス≫,ピーチウーロン／ファジーネーブル／モヒート　各種,≪ディタ≫,すっきりおいしい梅酒／紀州の梅酒　各種,蜂蜜梅酒,柚子梅酒,温州みかんのお酒／りんごのお酒　各種,静岡産 白いちごのお酒,≪本醸造　辛口≫　一ノ蔵,≪特別純米≫　極上　吉乃川,≪大吟醸≫　ひやしぼり（ワイングラスで提供）,≪本醸造≫　八海山,≪清酒≫　獺祭　純米大吟醸　朝日（ワイングラスで提供）,≪清酒≫　白雪　（冷酒・熱燗）(徳利),≪清酒≫　獺祭　純米大吟醸45(ボトル),≪ハウスワイン（赤・白）≫　J.P.シェネ　カベルネ・ソーヴィニヨン／J.P.シェネ　シャルドネ(各種ボトル),≪赤≫　ロダレ　カベルネ・ソーヴィニヨン／≪白≫　ムレダ・オーガニックシャルドネ(ボトル),≪赤≫　サンタ・クリスティーナ　ファットリア・レ・マエストレッレ(ボトル),ジャン・クロード・マス　ヴィオニエ　レゼルヴ,≪スパークリング≫　エスパス・オブ・リマリ・ブリュット・スペシャル(ボトル),サングリア,≪スコッチ≫　バランタイン　ファイネスト,≪バーボン≫　ジャックダニエル　ブラック,≪スコッチ≫　ジョニーウォーカー　ブラックラベル12年,≪スコッチ≫　メーカーズマーク,ニッカセッション-奏楽- 700ml,ブラックニッカハイボール／タカラ焼酎ハイボール／電気ブランハイボール　各種,ジンジャーハイボール／コーラハイボール　各種,大吟醸ハイボール,柚子みつハイボール／鹿児島県徳之島産　島みかんハイボール／国産シャインマスカットハイボール　各種,生キウイハイボール／小柳津清一商店の玄米抹茶ハイボール,バランタインハイボール,ジャックダニエルハイボール,角ハイボール,ジョニ黒ハイボール,メーカーズクラフトハイボール,ニッカセッション -奏楽-　ハイボール,ノンアルコールハイボール,翠ジンソーダ,柚子みつ玄米抹茶／ダブルシトラスカッシュ／フルーツグリーンティ－／ブラックティーソーダ　各種,徳之島シークニンスカッシュ／シャイン・ネーブル／美ら海ソルティトマトオレンジ　各種,ウーロン茶／アイスグリーンティー／ジンジャーエール／コーラ　各種,オレンジジュース,グレープフルーツジュース／カルピスソーダ　各種,小柳津清一商店のアイス玄米グリーンティー","583,638,649,682,748,594,638,594,638,638,4125,4235,4125,3905,4235,220,440,550,121,649,759,594,594,616,671,539,-,605,616,649,-,407,627,-,682,-,-,627,627,649,726,-,-,759,-,1023,550,4840,-,3740,4290,4840,3850,-,-,-,-,-,-,-,583,594,594,627,616,649,649,836,858,869,506,594,517,517,440,506,506,517",大阪府大阪市北区小松原町1-10　梅田パルライフ 8F,全席個室 楽蔵うたげ 梅田店,050-5831-0200,https://www.hotpepper.jp/strJ000711720/
"角ハイボール,トリスハイボール,マス男さん角ハイ,マス男さんトリハイ,「名物」勝男トリハイ,しょうがレモントリハイ,コーラトリハイ,ジンジャートリハイ,カルピストリハイ,ゆずトリハイ,ゴールデントリハイ,「知多」風香るハイボール,レモンサワー,たっぷり果肉レモンサワー,カルピスサワー,ゆずサワー,かぼすサワー,白桃サワー,男前梅サワー,ゴールデンサワー,トマトサワー,緑茶ハイ,ウーロンハイ,サントリー ザ・プレミアムモルツ 中,サントリー ザ・プレミアムモルツ お得ジョッキ,麦焼酎,芋焼酎,一合,カシスソーダ,カシスオレンジ,マンゴージンジャー,マンゴーオレンジ,シャンディ・ガフ,ワインロック（赤）,ワインロック（白）,紀州産南高梅酒（ロック・ソーダ割り）,ぽってり桃酒,ぽってりみかん酒,ぽってりマンゴー酒,ソウルマッコリ　グラス（150ml）,ソウルマッコリ　ボトル（1000ml）,ほどよい“優”ホワイトサワー,ほどよい“優”トロピカルピーチ,ほどよい“優”ファジーネーブル,ほどよい“優”沖縄風サワー,オールフリー,ウーロン茶,緑茶,コーラ,ジンジャーエール,オレンジジュース,かぼすソーダ,カルピス,リアルゴールド","220,165,418,308,275,328,328,328,328,328,363,328,328,372,341,341,341,341,341,363,363,385,385,198,286,385,385,385,438,438,438,438,438,385,385,385,438,438,438,385,1628,330,330,330,330,308,165,165,165,165,165,165,165,198",大阪府大阪市北区曽根崎２－７－１３,お初天神応援団　勝男,050-5452-6150,https://www.hotpepper.jp/strJ001259280/
"キリン一番搾り,シャンディーガフ,ハイボール,コークハイ,ジンジャーハイ,レモンサワー,ライムサワー,カルピスサワー,ブドウサワー,ゆずサワー,カシス,ウォッカ,ピーチ,ジン,宝焼酎,茉莉花,二階堂,黒霧島,チャミスル各種,烏龍茶,ジャスミン茶,コーラ,ジンジャーエール,オレンジ,炭酸水","440,462,385,440,440,418,418,418,418,418,440,440,440,440,462,495,495,495,1056,308,308,308,308,308,308",大阪府大阪市北区曽根崎２丁目 16-22 ジャスミン曽根崎ビル9F,最大165品　食べ放題 飲み放題　大衆居酒屋　梅田スタンド　梅田店,050-5816-3131,https://www.hotpepper.jp/strJ001277115/
"超炭酸ビームハイ,超炭酸ビームハイ　濃いめ,超炭酸ビームハイ　MEGA,柚子/巨峰/カルピス　ハイボール,ジムコーク／ジムジンジャー,角ハイボール,角ハイボール　MEGA,角ハイコーラ / 角ハイジンジャー,メーカーズハイボール,角ハイボール　濃い目,赤玉ぶどうサワー,赤玉ジンジャー,赤玉コーラ,赤玉　MEGA,【グラス】デリカメゾン　赤 or 白,ワインカクテル,ヤルンバ　赤・白　ボトル,こだわり酒場のレモンサワー,濃いめこだわり酒場のレモンサワー,酎ハイ×サワー各種,ザ・プレミアムモルツ,ザ・プレミアムモルツ　タンブラー,オールフリー（ノンアルコールビールテイスト飲料）,【ビール】ビアカクテル,カシス,ピーチ,ライチ,ウォッカ,ジン,モクテル　各種,ふるふる完熟マンゴー梅酒,梅仙人 たんかん梅酒,ちえびじん 紅茶梅酒,あらごし みかん,あらごし もも,大和美人,日向へべすのおいしいお酒,[芋] すごいも,[芋] 黒霧島,[芋] 島美人,[芋] 富乃宝山,[芋] 赤兎馬,[麦] すごむぎ,[麦] 中々,[麦] 兼八,[そば] 八重桜,[黒糖] 氣 白麹,[泡盛] 久米仙,[ごま] 紅乙女,【長崎/矢野酒造】横山50 純米大吟醸　一合,【山口/旭酒酒造】獺祭 純米大吟醸　磨き三割九分　一合,【福岡/井上合名】三井の寿 純米吟醸　一合,【佐賀/天吹酒造】ぴんくれでぃ 日本酒中辛口　一合,【福岡/いそのさわ】駿 純米吟醸酒　一合,【大分/浜嶋酒造】鷹来屋 特別純米酒　一合,【佐賀/五町田酒造】東一 純米酒　一合,【福岡/井上合名】美田辛醸 山廃純米大辛口　一合,【佐賀/天吹酒造】天吹 特別純米酒　一合,【福岡/山口酒造場】鶯辛 庭のうぐいす本醸造　一合,その他日本酒　熱燗・冷酒　 一合,ソフトドリンク","380,480,660,530,430,500,750,550,650,600,380,430,430,660,450,500,3600,380,480,400,580,450,400,500,450,450,450,450,450,450,750,750,700,700,700,500,700,500,600,750,650,750,500,700,750,600,600,600,600,900,900,700,800,800,700,800,700,700,800,600,380",大阪府大阪市北区角田町１－１　地下１Ｆ,個室 もつ鍋 泳ぎイカ 九州うまか 梅田店,050-5834-2760,https://www.hotpepper.jp/strJ000973173/
ビール,-,大阪府大阪市北区太融寺町8-17　プラザ梅田ビル４Ｆ　※1Fセブンイレブン左隣の自動扉より4F,もつ鍋食べ飲み放題居酒屋　もつぞう　３時間食べ飲み放題２７２８円　梅田店,050-5280-9506,https://www.hotpepper.jp/strJ001267327/
ビール,-,大阪府大阪市北区太融寺町8-17　プラザ梅田ビル３Ｆ　※新御堂筋側ビル正面入口(1F東梅田薬局が目印)から3F,焼鳥食べ飲み個室居酒屋　絆鳥 ～KIZUNADORI～ ３時間食べ飲み放題２７２８円　梅田店,050-5280-9489,https://www.hotpepper.jp/strJ001267334/
"刈穂,ばくれん,不動,来福,陸奥男山,上喜元,秋鹿,ゆきの美人,貴,三千盛,宝剣,鳳凰美田,手取川,王録,南,みむろ杉,越乃寒梅,浦霞,日高見,片野桜,酔鯨,山本,磯自慢,出羽桜,開運,天狗舞,大七,仙禽,久保田,獺祭,八海山,黒龍,梵,真澄,楯野川,紀土,〆張鶴,伯楽星,風の森,一白水成,澤屋まつもと,写楽,くどき上手,賀茂鶴,醸し人九平次,知恵美人,たかちよ,文佳人,東洋美人,讃岐クラウディ,生ビール,超炭酸ハイボール,ジンジャーハイボール,こだわり酒場のレモンサワー,プレーンチューハイ,ライムチューハイ,コークハイボール,グレープフルーツチューハイ,パインチューハイ,かぼすチューハイ,柚子チューハイ,巨峰チューハイ,カルピスチューハイ,果実酒 あらごしみかん,果実酒 あらごしりんご,果実酒 あらごしもも,果実酒 めろめろメロン,果実酒 にごりアンズ,果実酒 ふわとろパイン,果実酒 子宝マンゴー,梅酒,赤ワイン,白ワイン,サングリア 赤,サングリア 白,芋焼酎 黒霧島,芋焼酎 赤霧島,麦焼酎 一番札,麦焼酎 隠し蔵,ピーチ 各,カシス 各,マリブ 各,カンパリ 各,カルア 各,ジン 各,ウォッカ 各,テキーラ 各,ソフトドリンク","-,-,-,-,-,-,-,-,-,-,-,-,-,-,-,-,-,-,-,-,-,-,-,-,-,-,-,-,-,-,-,-,-,-,-,-,-,-,-,-,-,-,-,-,-,-,-,-,-,-,495,462,495,462,418,418,495,418,418,418,418,418,418,605,605,605,605,605,605,605,605,528,528,528,528,528,528,528,528,528,528,528,528,528,528,528,528,352",大阪府大阪市北区小松原町４-６ 加納ビル 3階,個室 和食 居酒屋 お魚ときどきお肉 梅田店,050-5449-0359,https://www.hotpepper.jp/strJ001227126/
"ザ・モルツ,エビス中瓶,オールフリー,ジムビームハイボール,しそ梅風味　トーキョーハイボール,コーラハイボール/ジンジャーハイボール/レモンハイボール,ライムハイボール/ライチハイボール/ピーチハイボール,マンゴーハイボール/カルピスハイボール/ゆずハイボール,巨峰ハイボール/オレンジハイボール/パインハイボール,【えびすフルーツサワー】追いサワー,レモンサワー,梅ぇ横丁の男梅サワー,ライムサワー/ゆずサワー/巨峰サワー/ライチサワー/オレンジサワー/ピーチサワー,コーラサワー/パインサワー/カルピスサワー/カルピスピーチサワー/カルピス巨峰サワー/マンゴーサワー,梅酒,大関　蔵出し（辛口）,カシス（オレンジ/ソーダ/グレープ/コーラ/ウーロン）,ライチ（オレンジ/ソーダ/グレープ/コーラ/ウーロン）,ピーチフィズ/ファジーネーブル/レゲエパンチ,モヒート/モヒートコーラ/モヒートジンジャー/オレンジモヒート/マンゴーモヒート,サムライロック（日本酒＋ライム）,翠ジンソーダ/翠ジンソーダレモン/翠ジンジンジャー,あらごしりんご/あらごしみかん/あらごしゆず,あらごし梅酒/あらごしもも/ふわとろパイン,ウーロンハイ/緑茶ハイ,翠ジン緑茶ハイ,芋　黒霧島/麦　二階堂,しそ　鍛高譚,グラスワイン（赤・白）,赤玉パンチ,コークライム/コークレモン/オレンジコーク,コークパイン/コークグレープ/コークマンゴー,ライムジンジャー/レモンジンジャー/オレンジジンジャー,パインジンジャー/グレープジンジャー/マンゴージンジャー,コーラ/ジンジャーエール/オレンジジュース,レモンソーダ/ライムソーダ/ゆずソーダ,巨峰ソーダ/マンゴーソーダ/パインソーダ/ピーチソーダ,ウーロン茶/緑茶/マンゴージュース/パインジュース,カルピス/カルピスソーダ/カルピスピーチソーダ/カルピス巨峰ソーダ",",,,,,,,,,280,,,,,,,,,,,,,,,,,,,,,,,,,,,,,",大阪府大阪市北区曽根崎２-13-18,大漁個室　海鮮　最大160品食べ飲み放題　エビスちゃん酒場　梅田店,050-5841-8635,https://www.hotpepper.jp/strJ001291621/
"金麦,シャンディーガフ,アサヒスーパードライ(中ビン),ノンアルコールビール（オールフリー）,ジムビームハイボール,コークハイ,ジンジャーハイ,すだちサワー,いちごサワー,パイナップルサワー,グレープフルーツサワー,ライチサワー,キウイサワー,リンゴサワー,プレーンサワー,レモンサワー,パインサワー,ライムサワー,柚子サワー,マスカットサワー,林檎サワー,グレープフルーツサワー,男梅サワー,リッチストロべりー,リッチマンゴー,リッチ温州みかん,リッチ白桃,リッチいちごみるく,リッチスノーホワイト,梅酒,プレーンマッコリ,マスカットマッコリ,ももマッコリ,麦焼酎,芋焼酎,茉莉花,カシス,ピーチ,翠,赤玉パンチ,ウーロン茶,炭酸水,コーラ,ジンジャエール,オレンジジュース,メロンソーダ,ジャスミン茶,デカビタ,アップル","528,572,605,550,418,462,462,660,715,660,605,605,605,550,418,418,418,418,418,418,418,418,418,補足に記入してます,補足に記入してます,補足に記入してます,補足に記入してます,補足に記入してます,補足に記入してます,451,528,528,528,451,451,495,418,418,418,418,330,330,330,330,330,330,330,330,330",大阪府大阪市北区堂山町4-6 SERビル,肉寿司&野菜巻き串食べ放題　ハッシュタグ　梅田本店,050-5352-1755,https://www.hotpepper.jp/strJ001209189/
"赤玉パンチ/赤玉ジンジャー赤玉コーク,プレーン/マスカット/すもも,コカレロ　ボム/ショット,イエーガーマイスター,タランチュラ　アズール,サザン　カンフォート,イエーガー　マイスター,クライナー　ファイグリング,テキーラ　サウザブルー/ゴールド/ローズ,ザ・モルツ,グラスビール,アサヒスーパードライ　中瓶,オールフリー（ノンアルコールビール）,シャンディーガフ,カシスビア,パナシェ,トリスクラシック　ハイボール（シングル/ダブル）,トリス　フレーバーハイボール　各種（シングル/ダブル）,こだわり酒場のレモンサワー/ライム/巨峰,グレープフルーツ/ラムネ,緑茶ハイ/ジャスミンハイ,【麦】 かおりの里,【芋】かおりの里,【麦】二階堂,【芋】黒霧島,【紫蘇】 鍛高譚,※ウーロン割り・カットレモン・梅干し,※濃い目,【カシスベース】,【ピーチベース】,【ヨーグリートベース】,【ジンベース】,【ウォッカベース】,【マンゴヤンベース】,【ワインベース】,【カルアベース】,【翠ジンベース】ソーダ,松竹梅　豪快　（冷 or 燗）,グラスワイン（赤・白）,あじわい梅酒,あんず酒/もも酒/ゆず梅酒/マンゴー酒,あらごしみかん酒,ZIMA,スミノフ,ウーロン茶/コカ・コーラ/ジンジャーエール/リアルゴールド/カルピス,グレープフルーツジュース/オレンジジュース/アップルジュース/パインジュース","528,1078,748,638,638,638,638,605,638,528,418,638,550,495,495,495,418円/635円（税込）,各451円/671円(税込),385,418,418,462,462,528,528,495,＋各33円（税込）,＋165円（税込）,495,495,495,495,495,495,495,495,450,528円/1056円（税込）,495,462,495,528,638,638,330,330",大阪府大阪市北区小松原町1-19,食べ放題×飲み放題　喰人（EAT-MAN） 梅田東通り店,050-5828-8728,https://www.hotpepper.jp/strJ000635806/
,,大阪府大阪市北区梅田２-1-21 レイズウメダビル 9F,梅田ガーデンファーム 梅田駅前店,050-5861-9630,https://www.hotpepper.jp/strJ001037194/
"エビス生ビール,シャンディガフ,コロナビール,カンパリビア,レッドアイ,ハイネケン,レモンビア,シードル,ライムビア,パナシェ,アルコールフリー,【本日のクラフトビール】,リモンチェッロ,【ブランデー】バイナップル/オレンジ/りんご/ミックス,サングリア各種,モヒート各種,スパークリング各種,ラルス　スプマンテ　ブリュット,なみなみスパークリング,ランブルスコ　ボトル,ワインカクテル各種,チューハイ各種,ハイボール,ピンクレモンハイボール,コークハイボール/レモンハイボール,グレープハイボール/ユズハイボール,クラフトジントニック,クラフトジンバック,アラウンドワールド,キティヨーグルト,生カルアミルク,チチ,紅茶スピリッツァー,カシスオレンジ/カシスウーロン/カシスグレープ/ピンキーカシス/カシスパイン,ブルドック/ウォッカトニック/モスコミュール/スクリュードライバー,ジンバック/ジントニック,カンパリオレンジ/カンパリソーダ/スプモーニ/カンパリパイン,マンゴオレンジ/マンゴーパイン/キューバリバー,ラムトニック/ラムオレンジ/ラムグレープ,ピーチオレンジ/ピーチウーロン/ピーチパイン,マリブミルク/マリブパイン/マリブオレンジ,コーラルピンクフィズ/パイナップルコーク/ゆずジンジャー,ベリーベリーレモネード/フラワーレモネード,キューピット/南国トロピカル/グレープフルーツトニック/ロイヤルオレンジ,クランベリーコーク/ライムコーク/ホワイトジンジャー/サラトガクーラー/オレンジジンジャー,シャーリーテンプル/マンゴージンジャー/ライムスカッシュ,トニックオレンジ/ホワイトトニック/ロイヤルグレープフルーツ/ジンジャーレモネード,【赤】タヴェルネッロ　オルガニコ　サンジョベーゼ　（グラス）,【赤】ファランギーナ　アリアニコ　（グラス）,【赤】セニョリオ　デ　オルガス　ダーク　（ボトル）,【赤】キャンティー　（ボトル）,【赤】レッドブリッジ　シラーズビオニエ　（ボトル）,【赤】エイトカベルネソーヴィニョン　（ボトル）,【赤】コッレコウルヴィアーノ　モンテプルチアーノ　（ボトル）,【赤】プリミティーヴォ　（ボトル）,【白】タヴェルネッロ　オルガニコ　トレッビアーノ　シャルドネ　（グラス）,【白】ファランギーナ　ヴェルメンティーノ　（グラス）,【白】レ・オゼッレ　ソアーヴェ　（ボトル）,【白】エスト　レゼルヴァ　ソービニヨンブラン　（ボトル）,【白】シュバルツカッツ　シャルドネ　（ボトル）,【白】ガゼラ,【白】コッレコウルヴィアーノ　ピノグリージョ　（ボトル）,【白】シャブリ　（ボトル）,ラルス　スプマンテ　ブリュット　（グラス）,ランブルスコ　（ボトル）,オレンジジュース/マンゴージュース/クランベリージュース,コーラ/ジンジャーエール/ピンクレモネード,ウーロン,コーヒー（ホット・アイス）,エスプレッソ　シングル,カフェラテ（ホット・アイス）,カフェモカ（ホット・アイス）,キャラメルラテ（ホット・アイス）,ヘーゼルナッツラテ（ホット・アイス）,ベリーラテ（ホット・アイス）,ロンネフェルト紅茶　各種,アイリッシュウィスキー茶葉　ロイヤルミルクティー,アッサム茶葉のティーソーダ","528,638,728,638,638,728,638,728,638,638,638,-,638,638,638,858,858,3828,858,3828,638,528,528,528,528,528,693,693,693,693,693,693,693,528,528,528,528,528,528,528,528,638,638,638,638,638,638,528,528,3828,3828,3828,4818,4818,5720,528,528,3828,3828,3828,4818,4818,5720,858,3828,440,440,440,550,550,660,660,660,660,660,693,693,693",大阪府大阪市北区梅田２丁目5番25号 ハービスプラザ B2,センバキッチン グリーンハウス 　梅田　ハービスプラザ店,050-5348-8197,https://www.hotpepper.jp/strJ001201835/
"生ビール,瓶ビール,ノンアルコールビール　アサヒドライゼロ,プレーン／レモン／ライム／ピーチ／カルピス／青りんご／うめ／柚子,超すっぱサワー(レモン)／超すっぱサワー(梅),生絞りグレープフルーツ／生絞りレモン,ソーダ割り／コーラ割り／ジンジャー割り,ロック／水割り／ストレート,徳利（大）,徳利（小）,冷酒　豪快（生）300ml,お湯割、水割、ロック、ウーロン割よりお選びください。※ボトルキープは3ヶ月間とさせていただきます。,【麦】一番札　グラス,【麦】一番札　ボトル,【麦】縁龍　グラス,【芋】縁龍　グラス,【芋】黒霧島　グラス,【芋】金黒　グラス,【韓国】チャミスル,マッコリ　グラス　120ml,マッコリ　ボトル　1000ml,桃酒/ゆず酒/巨峰酒/ライチ酒,マンゴー酒/りんご酒/あんず酒/グレープフルーツ酒,ロック／ソーダ割,モス子ミュール/カシスソーダ/カシスオレンジ/カシスウーロン,ブルドック/スクリュードライバー/ブルーハワイ/ジントニック,ファジーネーブル/ピーチウーロン/シャンディガフ,グラスワイン（赤・白）　各,ボトルワイン（赤）,サングリア,ウーロン茶[煌]／コカコーラ／オレンジジュース,ジンジャーエール／カルピス／ピーチジュース","400,550,380,350,350,500,400,400,750,420,720,-,400,2310,400,400,510,510,550,400,1320,400,400,400,400,400,400,330,2000,330,220,220",大阪府大阪市北区堂山町１０－４　忠兵衛ビル2・3・4F,榮華亭　梅田東通り店,050-5281-0957,https://www.hotpepper.jp/strJ000061620/
,,大阪府大阪市北区太融寺町8-17　プラザ梅田ビル４Ｆ　※1Fセブンイレブン左隣の自動扉より4F,食べ飲み放題個室居酒屋　とくぞう　３時間食べ飲み放題２５００円　梅田店,050-5280-9497,https://www.hotpepper.jp/strJ001267328/
